Requirement_ID,Requirement_Class,Domain,Source_Number,Requirement,Provenance,Source_Registry,Use_Case_or_Control,UI_Reference,UI_Surface,Decision_Reference,Design_Data_Reference,Test_Target,SRS_Trace_Status,Implementation_Issue,Implementation_PR,Test_Evidence,Result,Notes
FR-AUTH-001,Source FR,Authentication,1,Customer account registration,Client/source baseline,docs/requirements/functional-requirements.md,UC-AUTH-001,docs/ui/account-profile.md,Registration,"D-001, D-003, D-009",docs/requirements/data-dictionary.csv; docs/requirements/erd-logical-detailed.mmd; docs/requirements/decision-register.md,Unit account lifecycle/eligibility; integration auth/session persistence; E2E register→verify→sign in; negative invalid/unverified/deactivated access.,Mapped,TBD post-SRS freeze,TBD post-SRS freeze,PLANNED — no execution evidence,NOT EXECUTED,
FR-AUTH-002,Source FR,Authentication,2,Customer email verification,Client/source baseline,docs/requirements/functional-requirements.md,UC-AUTH-002,docs/ui/account-profile.md,Email Verification,"D-001, D-009",docs/requirements/data-dictionary.csv; docs/requirements/erd-logical-detailed.mmd; docs/requirements/decision-register.md,Unit account lifecycle/eligibility; integration auth/session persistence; E2E register→verify→sign in; negative invalid/unverified/deactivated access.,Mapped,TBD post-SRS freeze,TBD post-SRS freeze,PLANNED — no execution evidence,NOT EXECUTED,
FR-AUTH-003,Source FR,Authentication,3,Customer login,Client/source baseline,docs/requirements/functional-requirements.md,UC-AUTH-003,docs/ui/account-profile.md,Login,"D-001, D-003, D-084",docs/requirements/data-dictionary.csv; docs/requirements/erd-logical-detailed.mmd; docs/requirements/decision-register.md,Unit account lifecycle/eligibility; integration auth/session persistence; E2E register→verify→sign in; negative invalid/unverified/deactivated access.,Mapped,TBD post-SRS freeze,TBD post-SRS freeze,PLANNED — no execution evidence,NOT EXECUTED,
FR-AUTH-004,Source FR,Authentication,4,Customer logout,Client/source baseline,docs/requirements/functional-requirements.md,UC-AUTH-004,docs/ui/account-profile.md,Logout,D-084,docs/requirements/data-dictionary.csv; docs/requirements/erd-logical-detailed.mmd; docs/requirements/decision-register.md,Unit account lifecycle/eligibility; integration auth/session persistence; E2E register→verify→sign in; negative invalid/unverified/deactivated access.,Mapped,TBD post-SRS freeze,TBD post-SRS freeze,PLANNED — no execution evidence,NOT EXECUTED,
FR-AUTH-005,Source FR,Authentication,5,Password reset,Client/source baseline,docs/requirements/functional-requirements.md,UC-AUTH-005,docs/ui/account-profile.md,Password Reset,"D-003, D-084",docs/requirements/data-dictionary.csv; docs/requirements/erd-logical-detailed.mmd; docs/requirements/decision-register.md,Unit account lifecycle/eligibility; integration auth/session persistence; E2E register→verify→sign in; negative invalid/unverified/deactivated access.,Mapped,TBD post-SRS freeze,TBD post-SRS freeze,PLANNED — no execution evidence,NOT EXECUTED,
FR-AUTH-006,Source FR,Authentication,6,Customer account activation,Client/source baseline,docs/requirements/functional-requirements.md,UC-AUTH-002,docs/ui/account-profile.md,Email Verification,"D-001, D-009",docs/requirements/data-dictionary.csv; docs/requirements/erd-logical-detailed.mmd; docs/requirements/decision-register.md,Unit account lifecycle/eligibility; integration auth/session persistence; E2E register→verify→sign in; negative invalid/unverified/deactivated access.,Mapped,TBD post-SRS freeze,TBD post-SRS freeze,PLANNED — no execution evidence,NOT EXECUTED,
FR-AUTH-007,Source FR,Authentication,7,Customer account deactivation,Client/source baseline,docs/requirements/functional-requirements.md,UC-AUTH-006,docs/ui/account-profile.md,Account Deactivation,"D-002, D-084, D-100",docs/requirements/data-dictionary.csv; docs/requirements/erd-logical-detailed.mmd; docs/requirements/decision-register.md,Unit account lifecycle/eligibility; integration auth/session persistence; E2E register→verify→sign in; negative invalid/unverified/deactivated access.,Mapped,TBD post-SRS freeze,TBD post-SRS freeze,PLANNED — no execution evidence,NOT EXECUTED,
FR-PROFILE-001,Source FR,Profile & Fragrance Identity,8,Customer profile management,Client/source baseline,docs/requirements/functional-requirements.md,UC-PROFILE-001,docs/ui/account-profile.md,Profile Management,"D-005, D-099",docs/requirements/data-dictionary.csv; docs/requirements/erd-logical-detailed.mmd; docs/requirements/decision-register.md,Unit profile/identity rules; integration ownership/persistence; E2E profile/address/preferences; negative cross-customer access and invalid input.,Mapped,TBD post-SRS freeze,TBD post-SRS freeze,PLANNED — no execution evidence,NOT EXECUTED,
FR-PROFILE-002,Source FR,Profile & Fragrance Identity,9,Delivery address management,Client/source baseline,docs/requirements/functional-requirements.md,UC-PROFILE-002,docs/ui/account-profile.md,Delivery Address,"D-004, D-099",docs/requirements/data-dictionary.csv; docs/requirements/erd-logical-detailed.mmd; docs/requirements/decision-register.md,Unit profile/identity rules; integration ownership/persistence; E2E profile/address/preferences; negative cross-customer access and invalid input.,Mapped,TBD post-SRS freeze,TBD post-SRS freeze,PLANNED — no execution evidence,NOT EXECUTED,
FR-PROFILE-003,Source FR,Profile & Fragrance Identity,10,Billing address management,Client/source baseline,docs/requirements/functional-requirements.md,UC-PROFILE-003,docs/ui/account-profile.md,Billing Address,"D-004, D-039, D-099",docs/requirements/data-dictionary.csv; docs/requirements/erd-logical-detailed.mmd; docs/requirements/decision-register.md,Unit profile/identity rules; integration ownership/persistence; E2E profile/address/preferences; negative cross-customer access and invalid input.,Mapped,TBD post-SRS freeze,TBD post-SRS freeze,PLANNED — no execution evidence,NOT EXECUTED,
FR-PROFILE-004,Source FR,Profile & Fragrance Identity,11,Fragrance preference profile creation,Client/source baseline,docs/requirements/functional-requirements.md,UC-PROFILE-004,docs/ui/account-profile.md,Fragrance Preferences,"D-005, D-006, D-089, D-101",docs/requirements/data-dictionary.csv; docs/requirements/erd-logical-detailed.mmd; docs/requirements/decision-register.md,Unit profile/identity rules; integration ownership/persistence; E2E profile/address/preferences; negative cross-customer access and invalid input.,Mapped,TBD post-SRS freeze,TBD post-SRS freeze,PLANNED — no execution evidence,NOT EXECUTED,
FR-PROFILE-005,Source FR,Profile & Fragrance Identity,12,Favourite fragrance note selection,Client/source baseline,docs/requirements/functional-requirements.md,UC-PROFILE-004,docs/ui/account-profile.md,Fragrance Preferences,"D-005, D-006, D-089, D-101",docs/requirements/data-dictionary.csv; docs/requirements/erd-logical-detailed.mmd; docs/requirements/decision-register.md,Unit profile/identity rules; integration ownership/persistence; E2E profile/address/preferences; negative cross-customer access and invalid input.,Mapped,TBD post-SRS freeze,TBD post-SRS freeze,PLANNED — no execution evidence,NOT EXECUTED,
FR-PROFILE-006,Source FR,Profile & Fragrance Identity,13,Preferred perfume intensity selection,Client/source baseline,docs/requirements/functional-requirements.md,UC-PROFILE-004,docs/ui/account-profile.md,Fragrance Preferences,"D-005, D-006, D-089, D-101",docs/requirements/data-dictionary.csv; docs/requirements/erd-logical-detailed.mmd; docs/requirements/decision-register.md,Unit profile/identity rules; integration ownership/persistence; E2E profile/address/preferences; negative cross-customer access and invalid input.,Mapped,TBD post-SRS freeze,TBD post-SRS freeze,PLANNED — no execution evidence,NOT EXECUTED,
FR-PROFILE-007,Source FR,Profile & Fragrance Identity,14,Fragrance sensitivity recording,Client/source baseline,docs/requirements/functional-requirements.md,UC-PROFILE-004,docs/ui/account-profile.md,Fragrance Preferences,"D-005, D-006, D-089, D-101",docs/requirements/data-dictionary.csv; docs/requirements/erd-logical-detailed.mmd; docs/requirements/decision-register.md,Unit profile/identity rules; integration ownership/persistence; E2E profile/address/preferences; negative cross-customer access and invalid input.,Mapped,TBD post-SRS freeze,TBD post-SRS freeze,PLANNED — no execution evidence,NOT EXECUTED,
FR-PROFILE-008,Source FR,Profile & Fragrance Identity,15,Customer fragrance identity generation,Client/source baseline,docs/requirements/functional-requirements.md,UC-PROFILE-005,docs/ui/account-profile.md,Fragrance Identity,D-007,docs/requirements/data-dictionary.csv; docs/requirements/erd-logical-detailed.mmd; docs/requirements/decision-register.md,Unit profile/identity rules; integration ownership/persistence; E2E profile/address/preferences; negative cross-customer access and invalid input.,Mapped,TBD post-SRS freeze,TBD post-SRS freeze,PLANNED — no execution evidence,NOT EXECUTED,
FR-PRODUCT-001,Source FR,Product Management,16,Perfume product creation,Client/source baseline,docs/requirements/functional-requirements.md,UC-CAT-001,docs/ui/catalogue-discovery.md,Product Management,"D-012, D-013, D-014",docs/requirements/data-dictionary.csv; docs/requirements/erd-logical-detailed.mmd; docs/requirements/decision-register.md,Unit catalogue validation; integration persistence; admin E2E management; RBAC/archive/invalid-data negatives.,Mapped,TBD post-SRS freeze,TBD post-SRS freeze,PLANNED — no execution evidence,NOT EXECUTED,
FR-PRODUCT-002,Source FR,Product Management,17,Perfume product editing,Client/source baseline,docs/requirements/functional-requirements.md,UC-CAT-001,docs/ui/catalogue-discovery.md,Product Management,"D-012, D-013, D-014",docs/requirements/data-dictionary.csv; docs/requirements/erd-logical-detailed.mmd; docs/requirements/decision-register.md,Unit catalogue validation; integration persistence; admin E2E management; RBAC/archive/invalid-data negatives.,Mapped,TBD post-SRS freeze,TBD post-SRS freeze,PLANNED — no execution evidence,NOT EXECUTED,
FR-PRODUCT-003,Source FR,Product Management,18,Perfume product deletion,Client/source baseline,docs/requirements/functional-requirements.md,UC-CAT-001,docs/ui/catalogue-discovery.md,Product Management,"D-012, D-013, D-014",docs/requirements/data-dictionary.csv; docs/requirements/erd-logical-detailed.mmd; docs/requirements/decision-register.md,Unit catalogue validation; integration persistence; admin E2E management; RBAC/archive/invalid-data negatives.,Mapped,TBD post-SRS freeze,TBD post-SRS freeze,PLANNED — no execution evidence,NOT EXECUTED,
FR-PRODUCT-004,Source FR,Product Management,19,Perfume image management,Client/source baseline,docs/requirements/functional-requirements.md,UC-CAT-001,docs/ui/catalogue-discovery.md,Product Management,"D-012, D-013, D-014",docs/requirements/data-dictionary.csv; docs/requirements/erd-logical-detailed.mmd; docs/requirements/decision-register.md,Unit catalogue validation; integration persistence; admin E2E management; RBAC/archive/invalid-data negatives.,Mapped,TBD post-SRS freeze,TBD post-SRS freeze,PLANNED — no execution evidence,NOT EXECUTED,
FR-PRODUCT-005,Source FR,Product Management,20,Perfume description management,Client/source baseline,docs/requirements/functional-requirements.md,UC-CAT-001,docs/ui/catalogue-discovery.md,Product Management,"D-012, D-013, D-014",docs/requirements/data-dictionary.csv; docs/requirements/erd-logical-detailed.mmd; docs/requirements/decision-register.md,Unit catalogue validation; integration persistence; admin E2E management; RBAC/archive/invalid-data negatives.,Mapped,TBD post-SRS freeze,TBD post-SRS freeze,PLANNED — no execution evidence,NOT EXECUTED,
FR-PRODUCT-006,Source FR,Product Management,21,Perfume price management,Client/source baseline,docs/requirements/functional-requirements.md,UC-CAT-002,docs/ui/catalogue-discovery.md,Variant Management,"D-014, D-018",docs/requirements/data-dictionary.csv; docs/requirements/erd-logical-detailed.mmd; docs/requirements/decision-register.md,Unit catalogue validation; integration persistence; admin E2E management; RBAC/archive/invalid-data negatives.,Mapped,TBD post-SRS freeze,TBD post-SRS freeze,PLANNED — no execution evidence,NOT EXECUTED,
FR-PRODUCT-007,Source FR,Product Management,22,Perfume bottle-size management,Client/source baseline,docs/requirements/functional-requirements.md,UC-CAT-002,docs/ui/catalogue-discovery.md,Variant Management,"D-014, D-018",docs/requirements/data-dictionary.csv; docs/requirements/erd-logical-detailed.mmd; docs/requirements/decision-register.md,Unit catalogue validation; integration persistence; admin E2E management; RBAC/archive/invalid-data negatives.,Mapped,TBD post-SRS freeze,TBD post-SRS freeze,PLANNED — no execution evidence,NOT EXECUTED,
FR-PRODUCT-008,Source FR,Product Management,23,Perfume concentration management,Client/source baseline,docs/requirements/functional-requirements.md,UC-CAT-002,docs/ui/catalogue-discovery.md,Variant Management,"D-014, D-018",docs/requirements/data-dictionary.csv; docs/requirements/erd-logical-detailed.mmd; docs/requirements/decision-register.md,Unit catalogue validation; integration persistence; admin E2E management; RBAC/archive/invalid-data negatives.,Mapped,TBD post-SRS freeze,TBD post-SRS freeze,PLANNED — no execution evidence,NOT EXECUTED,
FR-PRODUCT-009,Source FR,Product Management,24,Perfume SKU management,Client/source baseline,docs/requirements/functional-requirements.md,UC-CAT-002,docs/ui/catalogue-discovery.md,Variant Management,"D-014, D-018",docs/requirements/data-dictionary.csv; docs/requirements/erd-logical-detailed.mmd; docs/requirements/decision-register.md,Unit catalogue validation; integration persistence; admin E2E management; RBAC/archive/invalid-data negatives.,Mapped,TBD post-SRS freeze,TBD post-SRS freeze,PLANNED — no execution evidence,NOT EXECUTED,
FR-PRODUCT-010,Source FR,Product Management,25,Perfume availability management,Client/source baseline,docs/requirements/functional-requirements.md,UC-CAT-002,docs/ui/catalogue-discovery.md,Variant Management,"D-014, D-018",docs/requirements/data-dictionary.csv; docs/requirements/erd-logical-detailed.mmd; docs/requirements/decision-register.md,Unit catalogue validation; integration persistence; admin E2E management; RBAC/archive/invalid-data negatives.,Mapped,TBD post-SRS freeze,TBD post-SRS freeze,PLANNED — no execution evidence,NOT EXECUTED,
FR-COLLECTION-001,Source FR,Collection & Fragrance Notes,26,Perfume collection creation,Client/source baseline,docs/requirements/functional-requirements.md,UC-CAT-003,docs/ui/catalogue-discovery.md,Collection Management,D-017,docs/requirements/data-dictionary.csv; docs/requirements/erd-logical-detailed.mmd; docs/requirements/decision-register.md,Unit classification rules; integration persistence; admin E2E collection/note/family management; invalid relationship negatives.,Mapped,TBD post-SRS freeze,TBD post-SRS freeze,PLANNED — no execution evidence,NOT EXECUTED,
FR-COLLECTION-002,Source FR,Collection & Fragrance Notes,27,Perfume collection editing,Client/source baseline,docs/requirements/functional-requirements.md,UC-CAT-003,docs/ui/catalogue-discovery.md,Collection Management,D-017,docs/requirements/data-dictionary.csv; docs/requirements/erd-logical-detailed.mmd; docs/requirements/decision-register.md,Unit classification rules; integration persistence; admin E2E collection/note/family management; invalid relationship negatives.,Mapped,TBD post-SRS freeze,TBD post-SRS freeze,PLANNED — no execution evidence,NOT EXECUTED,
FR-COLLECTION-003,Source FR,Collection & Fragrance Notes,28,Seasonal collection management,Client/source baseline,docs/requirements/functional-requirements.md,UC-CAT-003,docs/ui/catalogue-discovery.md,Collection Management,D-017,docs/requirements/data-dictionary.csv; docs/requirements/erd-logical-detailed.mmd; docs/requirements/decision-register.md,Unit classification rules; integration persistence; admin E2E collection/note/family management; invalid relationship negatives.,Mapped,TBD post-SRS freeze,TBD post-SRS freeze,PLANNED — no execution evidence,NOT EXECUTED,
FR-COLLECTION-004,Source FR,Collection & Fragrance Notes,29,Limited-edition collection management,Client/source baseline,docs/requirements/functional-requirements.md,UC-CAT-003,docs/ui/catalogue-discovery.md,Collection Management,D-017,docs/requirements/data-dictionary.csv; docs/requirements/erd-logical-detailed.mmd; docs/requirements/decision-register.md,Unit classification rules; integration persistence; admin E2E collection/note/family management; invalid relationship negatives.,Mapped,TBD post-SRS freeze,TBD post-SRS freeze,PLANNED — no execution evidence,NOT EXECUTED,
FR-COLLECTION-005,Source FR,Collection & Fragrance Notes,30,Top-note assignment,Client/source baseline,docs/requirements/functional-requirements.md,UC-CAT-004,docs/ui/catalogue-discovery.md,Fragrance Notes & Family Management,"D-015, D-016",docs/requirements/data-dictionary.csv; docs/requirements/erd-logical-detailed.mmd; docs/requirements/decision-register.md,Unit classification rules; integration persistence; admin E2E collection/note/family management; invalid relationship negatives.,Mapped,TBD post-SRS freeze,TBD post-SRS freeze,PLANNED — no execution evidence,NOT EXECUTED,
FR-COLLECTION-006,Source FR,Collection & Fragrance Notes,31,Middle-note assignment,Client/source baseline,docs/requirements/functional-requirements.md,UC-CAT-004,docs/ui/catalogue-discovery.md,Fragrance Notes & Family Management,"D-015, D-016",docs/requirements/data-dictionary.csv; docs/requirements/erd-logical-detailed.mmd; docs/requirements/decision-register.md,Unit classification rules; integration persistence; admin E2E collection/note/family management; invalid relationship negatives.,Mapped,TBD post-SRS freeze,TBD post-SRS freeze,PLANNED — no execution evidence,NOT EXECUTED,
FR-COLLECTION-007,Source FR,Collection & Fragrance Notes,32,Base-note assignment,Client/source baseline,docs/requirements/functional-requirements.md,UC-CAT-004,docs/ui/catalogue-discovery.md,Fragrance Notes & Family Management,"D-015, D-016",docs/requirements/data-dictionary.csv; docs/requirements/erd-logical-detailed.mmd; docs/requirements/decision-register.md,Unit classification rules; integration persistence; admin E2E collection/note/family management; invalid relationship negatives.,Mapped,TBD post-SRS freeze,TBD post-SRS freeze,PLANNED — no execution evidence,NOT EXECUTED,
FR-COLLECTION-008,Source FR,Collection & Fragrance Notes,33,Fragrance-family assignment,Client/source baseline,docs/requirements/functional-requirements.md,UC-CAT-004,docs/ui/catalogue-discovery.md,Fragrance Notes & Family Management,"D-015, D-016",docs/requirements/data-dictionary.csv; docs/requirements/erd-logical-detailed.mmd; docs/requirements/decision-register.md,Unit classification rules; integration persistence; admin E2E collection/note/family management; invalid relationship negatives.,Mapped,TBD post-SRS freeze,TBD post-SRS freeze,PLANNED — no execution evidence,NOT EXECUTED,
FR-DISCOVERY-001,Source FR,Discovery & Search,34,Perfume catalogue browsing,Client/source baseline,docs/requirements/functional-requirements.md,UC-DISC-001,docs/ui/catalogue-discovery.md,Catalogue Browse,"D-010, D-018–D-021",docs/requirements/data-dictionary.csv; docs/requirements/erd-logical-detailed.mmd; docs/requirements/decision-register.md,Unit deterministic search/filter rules; integration catalogue queries; public E2E browse/search/filter/compare; NFR search correctness/performance.,Mapped,TBD post-SRS freeze,TBD post-SRS freeze,PLANNED — no execution evidence,NOT EXECUTED,
FR-DISCOVERY-002,Source FR,Discovery & Search,35,Keyword-based perfume search,Client/source baseline,docs/requirements/functional-requirements.md,UC-DISC-002,docs/ui/catalogue-discovery.md,Catalogue Search,"D-010, D-018–D-021",docs/requirements/data-dictionary.csv; docs/requirements/erd-logical-detailed.mmd; docs/requirements/decision-register.md,Unit deterministic search/filter rules; integration catalogue queries; public E2E browse/search/filter/compare; NFR search correctness/performance.,Mapped,TBD post-SRS freeze,TBD post-SRS freeze,PLANNED — no execution evidence,NOT EXECUTED,
FR-DISCOVERY-003,Source FR,Discovery & Search,36,Fragrance-note filtering,Client/source baseline,docs/requirements/functional-requirements.md,UC-DISC-003,docs/ui/catalogue-discovery.md,Catalogue Filters,"D-010, D-018–D-021",docs/requirements/data-dictionary.csv; docs/requirements/erd-logical-detailed.mmd; docs/requirements/decision-register.md,Unit deterministic search/filter rules; integration catalogue queries; public E2E browse/search/filter/compare; NFR search correctness/performance.,Mapped,TBD post-SRS freeze,TBD post-SRS freeze,PLANNED — no execution evidence,NOT EXECUTED,
FR-DISCOVERY-004,Source FR,Discovery & Search,37,Fragrance-family filtering,Client/source baseline,docs/requirements/functional-requirements.md,UC-DISC-003,docs/ui/catalogue-discovery.md,Catalogue Filters,"D-010, D-018–D-021",docs/requirements/data-dictionary.csv; docs/requirements/erd-logical-detailed.mmd; docs/requirements/decision-register.md,Unit deterministic search/filter rules; integration catalogue queries; public E2E browse/search/filter/compare; NFR search correctness/performance.,Mapped,TBD post-SRS freeze,TBD post-SRS freeze,PLANNED — no execution evidence,NOT EXECUTED,
FR-DISCOVERY-005,Source FR,Discovery & Search,38,Price-range filtering,Client/source baseline,docs/requirements/functional-requirements.md,UC-DISC-003,docs/ui/catalogue-discovery.md,Catalogue Filters,"D-010, D-018–D-021",docs/requirements/data-dictionary.csv; docs/requirements/erd-logical-detailed.mmd; docs/requirements/decision-register.md,Unit deterministic search/filter rules; integration catalogue queries; public E2E browse/search/filter/compare; NFR search correctness/performance.,Mapped,TBD post-SRS freeze,TBD post-SRS freeze,PLANNED — no execution evidence,NOT EXECUTED,
FR-DISCOVERY-006,Source FR,Discovery & Search,39,Perfume intensity filtering,Client/source baseline,docs/requirements/functional-requirements.md,UC-DISC-003,docs/ui/catalogue-discovery.md,Catalogue Filters,"D-010, D-018–D-021",docs/requirements/data-dictionary.csv; docs/requirements/erd-logical-detailed.mmd; docs/requirements/decision-register.md,Unit deterministic search/filter rules; integration catalogue queries; public E2E browse/search/filter/compare; NFR search correctness/performance.,Mapped,TBD post-SRS freeze,TBD post-SRS freeze,PLANNED — no execution evidence,NOT EXECUTED,
FR-DISCOVERY-007,Source FR,Discovery & Search,40,Occasion-based perfume filtering,Client/source baseline,docs/requirements/functional-requirements.md,UC-DISC-003,docs/ui/catalogue-discovery.md,Catalogue Filters,"D-010, D-018–D-021",docs/requirements/data-dictionary.csv; docs/requirements/erd-logical-detailed.mmd; docs/requirements/decision-register.md,Unit deterministic search/filter rules; integration catalogue queries; public E2E browse/search/filter/compare; NFR search correctness/performance.,Mapped,TBD post-SRS freeze,TBD post-SRS freeze,PLANNED — no execution evidence,NOT EXECUTED,
FR-DISCOVERY-008,Source FR,Discovery & Search,41,Mood-based perfume filtering,Client/source baseline,docs/requirements/functional-requirements.md,UC-DISC-003,docs/ui/catalogue-discovery.md,Catalogue Filters,"D-010, D-018–D-021",docs/requirements/data-dictionary.csv; docs/requirements/erd-logical-detailed.mmd; docs/requirements/decision-register.md,Unit deterministic search/filter rules; integration catalogue queries; public E2E browse/search/filter/compare; NFR search correctness/performance.,Mapped,TBD post-SRS freeze,TBD post-SRS freeze,PLANNED — no execution evidence,NOT EXECUTED,
FR-DISCOVERY-009,Source FR,Discovery & Search,42,Weather-based perfume suggestions,Client/source baseline,docs/requirements/functional-requirements.md,UC-DISC-004,docs/ui/catalogue-discovery.md,Weather Suggestions,"D-010, D-018–D-021",docs/requirements/data-dictionary.csv; docs/requirements/erd-logical-detailed.mmd; docs/requirements/decision-register.md,Unit deterministic search/filter rules; integration catalogue queries; public E2E browse/search/filter/compare; NFR search correctness/performance.,Mapped,TBD post-SRS freeze,TBD post-SRS freeze,PLANNED — no execution evidence,NOT EXECUTED,
FR-DISCOVERY-010,Source FR,Discovery & Search,43,Perfume comparison,Client/source baseline,docs/requirements/functional-requirements.md,UC-DISC-005,docs/ui/catalogue-discovery.md,Perfume Comparison,"D-010, D-018–D-021",docs/requirements/data-dictionary.csv; docs/requirements/erd-logical-detailed.mmd; docs/requirements/decision-register.md,Unit deterministic search/filter rules; integration catalogue queries; public E2E browse/search/filter/compare; NFR search correctness/performance.,Mapped,TBD post-SRS freeze,TBD post-SRS freeze,PLANNED — no execution evidence,NOT EXECUTED,
FR-VIRTUAL-001,Source FR,Virtual Fragrance Experience,44,Interactive fragrance wheel display,Client/source baseline,docs/requirements/functional-requirements.md,UC-VIRT-001,docs/ui/catalogue-discovery.md,Fragrance Wheel,D-022–D-026,docs/requirements/data-dictionary.csv; docs/requirements/erd-logical-detailed.mmd; docs/requirements/decision-register.md,Unit controlled mapping/presentation; E2E wheel/note journey/performance/suitability/compare; missing-data negative states.,Mapped,TBD post-SRS freeze,TBD post-SRS freeze,PLANNED — no execution evidence,NOT EXECUTED,
FR-VIRTUAL-002,Source FR,Virtual Fragrance Experience,45,Fragrance note journey visualisation,Client/source baseline,docs/requirements/functional-requirements.md,UC-VIRT-002,docs/ui/catalogue-discovery.md,Fragrance Note Journey,D-022–D-026,docs/requirements/data-dictionary.csv; docs/requirements/erd-logical-detailed.mmd; docs/requirements/decision-register.md,Unit controlled mapping/presentation; E2E wheel/note journey/performance/suitability/compare; missing-data negative states.,Mapped,TBD post-SRS freeze,TBD post-SRS freeze,PLANNED — no execution evidence,NOT EXECUTED,
FR-VIRTUAL-003,Source FR,Virtual Fragrance Experience,46,Perfume longevity estimation,Client/source baseline,docs/requirements/functional-requirements.md,UC-VIRT-003,docs/ui/catalogue-discovery.md,Performance & Suitability,D-022–D-026,docs/requirements/data-dictionary.csv; docs/requirements/erd-logical-detailed.mmd; docs/requirements/decision-register.md,Unit controlled mapping/presentation; E2E wheel/note journey/performance/suitability/compare; missing-data negative states.,Mapped,TBD post-SRS freeze,TBD post-SRS freeze,PLANNED — no execution evidence,NOT EXECUTED,
FR-VIRTUAL-004,Source FR,Virtual Fragrance Experience,47,Perfume projection strength display,Client/source baseline,docs/requirements/functional-requirements.md,UC-VIRT-003,docs/ui/catalogue-discovery.md,Performance & Suitability,D-022–D-026,docs/requirements/data-dictionary.csv; docs/requirements/erd-logical-detailed.mmd; docs/requirements/decision-register.md,Unit controlled mapping/presentation; E2E wheel/note journey/performance/suitability/compare; missing-data negative states.,Mapped,TBD post-SRS freeze,TBD post-SRS freeze,PLANNED — no execution evidence,NOT EXECUTED,
FR-VIRTUAL-005,Source FR,Virtual Fragrance Experience,48,Daytime and evening suitability display,Client/source baseline,docs/requirements/functional-requirements.md,UC-VIRT-003,docs/ui/catalogue-discovery.md,Performance & Suitability,D-022–D-026,docs/requirements/data-dictionary.csv; docs/requirements/erd-logical-detailed.mmd; docs/requirements/decision-register.md,Unit controlled mapping/presentation; E2E wheel/note journey/performance/suitability/compare; missing-data negative states.,Mapped,TBD post-SRS freeze,TBD post-SRS freeze,PLANNED — no execution evidence,NOT EXECUTED,
FR-VIRTUAL-006,Source FR,Virtual Fragrance Experience,49,Seasonal suitability display,Client/source baseline,docs/requirements/functional-requirements.md,UC-VIRT-003,docs/ui/catalogue-discovery.md,Performance & Suitability,D-022–D-026,docs/requirements/data-dictionary.csv; docs/requirements/erd-logical-detailed.mmd; docs/requirements/decision-register.md,Unit controlled mapping/presentation; E2E wheel/note journey/performance/suitability/compare; missing-data negative states.,Mapped,TBD post-SRS freeze,TBD post-SRS freeze,PLANNED — no execution evidence,NOT EXECUTED,
FR-VIRTUAL-007,Source FR,Virtual Fragrance Experience,50,Virtual scent profile comparison,Client/source baseline,docs/requirements/functional-requirements.md,UC-DISC-005,docs/ui/catalogue-discovery.md,Perfume Comparison,D-022–D-026,docs/requirements/data-dictionary.csv; docs/requirements/erd-logical-detailed.mmd; docs/requirements/decision-register.md,Unit controlled mapping/presentation; E2E wheel/note journey/performance/suitability/compare; missing-data negative states.,Mapped,TBD post-SRS freeze,TBD post-SRS freeze,PLANNED — no execution evidence,NOT EXECUTED,
FR-PERSONAL-001,Source FR,Customisation & Personalisation,51,Personalised perfume label creation,Client/source baseline,docs/requirements/functional-requirements.md,UC-PERS-01,docs/ui/personalisation-ai-support.md,Product Customisation,"D-027, D-028",docs/requirements/data-dictionary.csv; docs/requirements/erd-logical-detailed.mmd; docs/requirements/decision-register.md,Unit customisation/layering/sample/quiz rules; cart/recommendation integration; E2E personalisation; AI failure/invalid-output fallback.,Mapped,TBD post-SRS freeze,TBD post-SRS freeze,PLANNED — no execution evidence,NOT EXECUTED,
FR-PERSONAL-002,Source FR,Customisation & Personalisation,52,Customer name engraving request,Client/source baseline,docs/requirements/functional-requirements.md,UC-PERS-01,docs/ui/personalisation-ai-support.md,Product Customisation,"D-027, D-028",docs/requirements/data-dictionary.csv; docs/requirements/erd-logical-detailed.mmd; docs/requirements/decision-register.md,Unit customisation/layering/sample/quiz rules; cart/recommendation integration; E2E personalisation; AI failure/invalid-output fallback.,Mapped,TBD post-SRS freeze,TBD post-SRS freeze,PLANNED — no execution evidence,NOT EXECUTED,
FR-PERSONAL-003,Source FR,Customisation & Personalisation,53,Custom gift message creation,Client/source baseline,docs/requirements/functional-requirements.md,UC-PERS-01,docs/ui/personalisation-ai-support.md,Product Customisation,"D-027, D-028",docs/requirements/data-dictionary.csv; docs/requirements/erd-logical-detailed.mmd; docs/requirements/decision-register.md,Unit customisation/layering/sample/quiz rules; cart/recommendation integration; E2E personalisation; AI failure/invalid-output fallback.,Mapped,TBD post-SRS freeze,TBD post-SRS freeze,PLANNED — no execution evidence,NOT EXECUTED,
FR-PERSONAL-004,Source FR,Customisation & Personalisation,54,Gift packaging selection,Client/source baseline,docs/requirements/functional-requirements.md,UC-PERS-01,docs/ui/personalisation-ai-support.md,Product Customisation,"D-027, D-028",docs/requirements/data-dictionary.csv; docs/requirements/erd-logical-detailed.mmd; docs/requirements/decision-register.md,Unit customisation/layering/sample/quiz rules; cart/recommendation integration; E2E personalisation; AI failure/invalid-output fallback.,Mapped,TBD post-SRS freeze,TBD post-SRS freeze,PLANNED — no execution evidence,NOT EXECUTED,
FR-PERSONAL-005,Source FR,Customisation & Personalisation,55,Perfume layering combination recommendation,Client/source baseline,docs/requirements/functional-requirements.md,UC-PERS-02,docs/ui/personalisation-ai-support.md,Layering Guidance,D-029,docs/requirements/data-dictionary.csv; docs/requirements/erd-logical-detailed.mmd; docs/requirements/decision-register.md,Unit customisation/layering/sample/quiz rules; cart/recommendation integration; E2E personalisation; AI failure/invalid-output fallback.,Mapped,TBD post-SRS freeze,TBD post-SRS freeze,PLANNED — no execution evidence,NOT EXECUTED,
FR-PERSONAL-006,Source FR,Customisation & Personalisation,56,Personalised sample set creation,Client/source baseline,docs/requirements/functional-requirements.md,UC-PERS-03,docs/ui/personalisation-ai-support.md,Sample Set Builder,D-030,docs/requirements/data-dictionary.csv; docs/requirements/erd-logical-detailed.mmd; docs/requirements/decision-register.md,Unit customisation/layering/sample/quiz rules; cart/recommendation integration; E2E personalisation; AI failure/invalid-output fallback.,Mapped,TBD post-SRS freeze,TBD post-SRS freeze,PLANNED — no execution evidence,NOT EXECUTED,
FR-PERSONAL-007,Source FR,Customisation & Personalisation,57,Fragrance discovery quiz completion,Client/source baseline,docs/requirements/functional-requirements.md,UC-PERS-04,docs/ui/personalisation-ai-support.md,Quiz & Recommendations,"D-031–D-033, D-094, D-101",docs/requirements/data-dictionary.csv; docs/requirements/erd-logical-detailed.mmd; docs/requirements/decision-register.md,Unit customisation/layering/sample/quiz rules; cart/recommendation integration; E2E personalisation; AI failure/invalid-output fallback.,Mapped,TBD post-SRS freeze,TBD post-SRS freeze,PLANNED — no execution evidence,NOT EXECUTED,
FR-PERSONAL-008,Source FR,Customisation & Personalisation,58,AI-based perfume recommendation generation,Client/source baseline,docs/requirements/functional-requirements.md,UC-PERS-04,docs/ui/personalisation-ai-support.md,Quiz & Recommendations,"D-031–D-033, D-094, D-101",docs/requirements/data-dictionary.csv; docs/requirements/erd-logical-detailed.mmd; docs/requirements/decision-register.md,Unit customisation/layering/sample/quiz rules; cart/recommendation integration; E2E personalisation; AI failure/invalid-output fallback.,Mapped,TBD post-SRS freeze,TBD post-SRS freeze,PLANNED — no execution evidence,NOT EXECUTED,
FR-CART-001,Source FR,Cart & Wishlist,59,Product addition to shopping cart,Client/source baseline,docs/requirements/functional-requirements.md,UC-CART-001,docs/ui/cart-order-delivery.md,Cart,"D-011, D-034–D-037, D-040, D-043",docs/requirements/data-dictionary.csv; docs/requirements/erd-logical-detailed.mmd; docs/requirements/decision-register.md,Unit quantity/total/promotion/customisation rules; integration persistence/ownership; E2E cart/wishlist; stale price/stock/promo and duplicate negatives.,Mapped,TBD post-SRS freeze,TBD post-SRS freeze,PLANNED — no execution evidence,NOT EXECUTED,
FR-CART-002,Source FR,Cart & Wishlist,60,Shopping cart quantity updating,Client/source baseline,docs/requirements/functional-requirements.md,UC-CART-002,docs/ui/cart-order-delivery.md,Cart,"D-011, D-034–D-037, D-040, D-043",docs/requirements/data-dictionary.csv; docs/requirements/erd-logical-detailed.mmd; docs/requirements/decision-register.md,Unit quantity/total/promotion/customisation rules; integration persistence/ownership; E2E cart/wishlist; stale price/stock/promo and duplicate negatives.,Mapped,TBD post-SRS freeze,TBD post-SRS freeze,PLANNED — no execution evidence,NOT EXECUTED,
FR-CART-003,Source FR,Cart & Wishlist,61,Shopping cart total calculation,Client/source baseline,docs/requirements/functional-requirements.md,UC-CART-003,docs/ui/cart-order-delivery.md,Cart,"D-011, D-034–D-037, D-040, D-043",docs/requirements/data-dictionary.csv; docs/requirements/erd-logical-detailed.mmd; docs/requirements/decision-register.md,Unit quantity/total/promotion/customisation rules; integration persistence/ownership; E2E cart/wishlist; stale price/stock/promo and duplicate negatives.,Mapped,TBD post-SRS freeze,TBD post-SRS freeze,PLANNED — no execution evidence,NOT EXECUTED,
FR-CART-004,Source FR,Cart & Wishlist,62,Promotional code application,Client/source baseline,docs/requirements/functional-requirements.md,UC-CART-004,docs/ui/cart-order-delivery.md,Cart / Promotion,"D-011, D-034–D-037, D-040, D-043",docs/requirements/data-dictionary.csv; docs/requirements/erd-logical-detailed.mmd; docs/requirements/decision-register.md,Unit quantity/total/promotion/customisation rules; integration persistence/ownership; E2E cart/wishlist; stale price/stock/promo and duplicate negatives.,Mapped,TBD post-SRS freeze,TBD post-SRS freeze,PLANNED — no execution evidence,NOT EXECUTED,
FR-CART-005,Source FR,Cart & Wishlist,63,Product wishlist management,Client/source baseline,docs/requirements/functional-requirements.md,UC-CART-005,docs/ui/cart-order-delivery.md,Wishlist,"D-011, D-034–D-037, D-040, D-043",docs/requirements/data-dictionary.csv; docs/requirements/erd-logical-detailed.mmd; docs/requirements/decision-register.md,Unit quantity/total/promotion/customisation rules; integration persistence/ownership; E2E cart/wishlist; stale price/stock/promo and duplicate negatives.,Mapped,TBD post-SRS freeze,TBD post-SRS freeze,PLANNED — no execution evidence,NOT EXECUTED,
FR-ORDER-001,Source FR,Order & Payment,64,Customer order placement,Client/source baseline,docs/requirements/functional-requirements.md,UC-ORDER-001,docs/ui/cart-order-delivery.md,Checkout / Order Review,"D-011, D-035–D-043, D-096",docs/requirements/data-dictionary.csv; docs/requirements/erd-logical-detailed.mmd; docs/requirements/decision-register.md,Checkout/order/payment/invoice transaction integration; Stripe adapter normal/failure/duplicate-result; E2E success/failure; idempotency/retry/concurrency negatives.,Mapped,TBD post-SRS freeze,TBD post-SRS freeze,PLANNED — no execution evidence,NOT EXECUTED,
FR-ORDER-002,Source FR,Order & Payment,65,Online payment processing,Client/source baseline,docs/requirements/functional-requirements.md,UC-PAY-001,docs/ui/cart-order-delivery.md,Payment,"D-011, D-035–D-043, D-096",docs/requirements/data-dictionary.csv; docs/requirements/erd-logical-detailed.mmd; docs/requirements/decision-register.md,Checkout/order/payment/invoice transaction integration; Stripe adapter normal/failure/duplicate-result; E2E success/failure; idempotency/retry/concurrency negatives.,Mapped,TBD post-SRS freeze,TBD post-SRS freeze,PLANNED — no execution evidence,NOT EXECUTED,
FR-ORDER-003,Source FR,Order & Payment,66,Digital invoice generation,Client/source baseline,docs/requirements/functional-requirements.md,UC-ORDER-002,docs/ui/cart-order-delivery.md,Invoice / Order Detail,"D-011, D-035–D-043, D-096",docs/requirements/data-dictionary.csv; docs/requirements/erd-logical-detailed.mmd; docs/requirements/decision-register.md,Checkout/order/payment/invoice transaction integration; Stripe adapter normal/failure/duplicate-result; E2E success/failure; idempotency/retry/concurrency negatives.,Mapped,TBD post-SRS freeze,TBD post-SRS freeze,PLANNED — no execution evidence,NOT EXECUTED,
FR-ORDER-004,Source FR,Order & Payment,67,Order cancellation request,Client/source baseline,docs/requirements/functional-requirements.md,UC-ORDER-003,docs/ui/cart-order-delivery.md,Cancellation Request,"D-011, D-035–D-043, D-096",docs/requirements/data-dictionary.csv; docs/requirements/erd-logical-detailed.mmd; docs/requirements/decision-register.md,Checkout/order/payment/invoice transaction integration; Stripe adapter normal/failure/duplicate-result; E2E success/failure; idempotency/retry/concurrency negatives.,Mapped,TBD post-SRS freeze,TBD post-SRS freeze,PLANNED — no execution evidence,NOT EXECUTED,
FR-DELIVERY-001,Source FR,Delivery & Tracking,68,Delivery method selection,Client/source baseline,docs/requirements/functional-requirements.md,UC-DELIVERY-001,docs/ui/cart-order-delivery.md,Delivery Selection,"D-044–D-047, D-093",docs/requirements/data-dictionary.csv; docs/requirements/erd-logical-detailed.mmd; docs/requirements/decision-register.md,"Delivery-provider integration using internal simulator; E2E tracking→delivered; ownership, duplicate confirmation and unavailable-tracking negatives.",Mapped,TBD post-SRS freeze,TBD post-SRS freeze,PLANNED — no execution evidence,NOT EXECUTED,
FR-DELIVERY-002,Source FR,Delivery & Tracking,69,Shipment tracking,Client/source baseline,docs/requirements/functional-requirements.md,UC-DELIVERY-002,docs/ui/cart-order-delivery.md,Shipment Tracking,"D-044–D-047, D-093",docs/requirements/data-dictionary.csv; docs/requirements/erd-logical-detailed.mmd; docs/requirements/decision-register.md,"Delivery-provider integration using internal simulator; E2E tracking→delivered; ownership, duplicate confirmation and unavailable-tracking negatives.",Mapped,TBD post-SRS freeze,TBD post-SRS freeze,PLANNED — no execution evidence,NOT EXECUTED,
FR-DELIVERY-003,Source FR,Delivery & Tracking,70,Delivery confirmation,Client/source baseline,docs/requirements/functional-requirements.md,UC-DELIVERY-003,docs/ui/cart-order-delivery.md,Delivery Confirmation,"D-044–D-047, D-093",docs/requirements/data-dictionary.csv; docs/requirements/erd-logical-detailed.mmd; docs/requirements/decision-register.md,"Delivery-provider integration using internal simulator; E2E tracking→delivered; ownership, duplicate confirmation and unavailable-tracking negatives.",Mapped,TBD post-SRS freeze,TBD post-SRS freeze,PLANNED — no execution evidence,NOT EXECUTED,
FR-SUPPORT-001,Source FR,Customer Support & AI,71,AI perfume chatbot,Client/source baseline,docs/requirements/functional-requirements.md,UC-SUPP-01,docs/ui/personalisation-ai-support.md,AI Support Chat,"D-048–D-056, D-094, D-099, D-101",docs/requirements/data-dictionary.csv; docs/requirements/erd-logical-detailed.mmd; docs/requirements/decision-register.md,AI adapter/context-minimisation/failure integration; E2E public/authenticated support + feedback; ownership and invalid-output negatives.,Mapped,TBD post-SRS freeze,TBD post-SRS freeze,PLANNED — no execution evidence,NOT EXECUTED,
FR-SUPPORT-002,Source FR,Customer Support & AI,72,Fragrance note explanations,Client/source baseline,docs/requirements/functional-requirements.md,UC-SUPP-01,docs/ui/personalisation-ai-support.md,AI Support Chat,"D-048–D-056, D-094, D-099, D-101",docs/requirements/data-dictionary.csv; docs/requirements/erd-logical-detailed.mmd; docs/requirements/decision-register.md,AI adapter/context-minimisation/failure integration; E2E public/authenticated support + feedback; ownership and invalid-output negatives.,Mapped,TBD post-SRS freeze,TBD post-SRS freeze,PLANNED — no execution evidence,NOT EXECUTED,
FR-SUPPORT-003,Source FR,Customer Support & AI,73,Product recommendation conversations,Client/source baseline,docs/requirements/functional-requirements.md,UC-SUPP-01,docs/ui/personalisation-ai-support.md,AI Support Chat,"D-048–D-056, D-094, D-099, D-101",docs/requirements/data-dictionary.csv; docs/requirements/erd-logical-detailed.mmd; docs/requirements/decision-register.md,AI adapter/context-minimisation/failure integration; E2E public/authenticated support + feedback; ownership and invalid-output negatives.,Mapped,TBD post-SRS freeze,TBD post-SRS freeze,PLANNED — no execution evidence,NOT EXECUTED,
FR-SUPPORT-004,Source FR,Customer Support & AI,74,Order enquiry responses,Client/source baseline,docs/requirements/functional-requirements.md,UC-SUPP-02,docs/ui/personalisation-ai-support.md,Authenticated Order Enquiry,"D-048–D-056, D-094, D-099, D-101",docs/requirements/data-dictionary.csv; docs/requirements/erd-logical-detailed.mmd; docs/requirements/decision-register.md,AI adapter/context-minimisation/failure integration; E2E public/authenticated support + feedback; ownership and invalid-output negatives.,Mapped,TBD post-SRS freeze,TBD post-SRS freeze,PLANNED — no execution evidence,NOT EXECUTED,
FR-SUPPORT-005,Source FR,Customer Support & AI,75,Delivery enquiry responses,Client/source baseline,docs/requirements/functional-requirements.md,UC-SUPP-02,docs/ui/personalisation-ai-support.md,Authenticated Delivery Enquiry,"D-048–D-056, D-094, D-099, D-101",docs/requirements/data-dictionary.csv; docs/requirements/erd-logical-detailed.mmd; docs/requirements/decision-register.md,AI adapter/context-minimisation/failure integration; E2E public/authenticated support + feedback; ownership and invalid-output negatives.,Mapped,TBD post-SRS freeze,TBD post-SRS freeze,PLANNED — no execution evidence,NOT EXECUTED,
FR-SUPPORT-006,Source FR,Customer Support & AI,76,Return policy responses,Client/source baseline,docs/requirements/functional-requirements.md,UC-SUPP-01,docs/ui/personalisation-ai-support.md,AI Support Chat / Policy,"D-048–D-056, D-094, D-099, D-101",docs/requirements/data-dictionary.csv; docs/requirements/erd-logical-detailed.mmd; docs/requirements/decision-register.md,AI adapter/context-minimisation/failure integration; E2E public/authenticated support + feedback; ownership and invalid-output negatives.,Mapped,TBD post-SRS freeze,TBD post-SRS freeze,PLANNED — no execution evidence,NOT EXECUTED,
FR-SUPPORT-007,Source FR,Customer Support & AI,77,Customer intent identification,Client/source baseline,docs/requirements/functional-requirements.md,UC-SUPP-01; UC-SUPP-02,docs/ui/personalisation-ai-support.md,Support Intent Routing,"D-048–D-056, D-094, D-099, D-101",docs/requirements/data-dictionary.csv; docs/requirements/erd-logical-detailed.mmd; docs/requirements/decision-register.md,AI adapter/context-minimisation/failure integration; E2E public/authenticated support + feedback; ownership and invalid-output negatives.,Mapped,TBD post-SRS freeze,TBD post-SRS freeze,PLANNED — no execution evidence,NOT EXECUTED,
FR-SUPPORT-008,Source FR,Customer Support & AI,78,Customer feedback collection,Client/source baseline,docs/requirements/functional-requirements.md,UC-SUPP-03,docs/ui/personalisation-ai-support.md,Support / AI Feedback,"D-048–D-056, D-094, D-099, D-101",docs/requirements/data-dictionary.csv; docs/requirements/erd-logical-detailed.mmd; docs/requirements/decision-register.md,AI adapter/context-minimisation/failure integration; E2E public/authenticated support + feedback; ownership and invalid-output negatives.,Mapped,TBD post-SRS freeze,TBD post-SRS freeze,PLANNED — no execution evidence,NOT EXECUTED,Source #78 is intentionally duplicated in the Palermo brief; the two canonical rows are FR-SUPPORT-008 and FR-ADMIN-001.
FR-ADMIN-001,Source FR,Admin Dashboard,78,Total sales dashboard,Client/source baseline,docs/requirements/functional-requirements.md,UC-ADM-001,docs/ui/admin-derived-modules.md,Admin Dashboard & Reports,"D-057, D-058, D-060–D-062, D-066",docs/requirements/data-dictionary.csv; docs/requirements/erd-logical-detailed.mmd; docs/requirements/decision-register.md,Reporting/RBAC/audit/backup integration; admin E2E; permission-denial and safe-error negatives.,Mapped,TBD post-SRS freeze,TBD post-SRS freeze,PLANNED — no execution evidence,NOT EXECUTED,Source #78 is intentionally duplicated in the Palermo brief; the two canonical rows are FR-SUPPORT-008 and FR-ADMIN-001.
FR-ADMIN-002,Source FR,Admin Dashboard,79,Total order dashboard,Client/source baseline,docs/requirements/functional-requirements.md,UC-ADM-001,docs/ui/admin-derived-modules.md,Admin Dashboard & Reports,"D-057, D-058, D-060–D-062, D-066",docs/requirements/data-dictionary.csv; docs/requirements/erd-logical-detailed.mmd; docs/requirements/decision-register.md,Reporting/RBAC/audit/backup integration; admin E2E; permission-denial and safe-error negatives.,Mapped,TBD post-SRS freeze,TBD post-SRS freeze,PLANNED — no execution evidence,NOT EXECUTED,
FR-ADMIN-003,Source FR,Admin Dashboard,80,Best-selling perfume reporting,Client/source baseline,docs/requirements/functional-requirements.md,UC-ADM-001,docs/ui/admin-derived-modules.md,Admin Dashboard & Reports,"D-057, D-058, D-060–D-062, D-066",docs/requirements/data-dictionary.csv; docs/requirements/erd-logical-detailed.mmd; docs/requirements/decision-register.md,Reporting/RBAC/audit/backup integration; admin E2E; permission-denial and safe-error negatives.,Mapped,TBD post-SRS freeze,TBD post-SRS freeze,PLANNED — no execution evidence,NOT EXECUTED,
FR-ADMIN-004,Source FR,Admin Dashboard,81,Most popular fragrance note reporting,Client/source baseline,docs/requirements/functional-requirements.md,UC-ADM-001,docs/ui/admin-derived-modules.md,Admin Dashboard & Reports,"D-057, D-058, D-060–D-062, D-066",docs/requirements/data-dictionary.csv; docs/requirements/erd-logical-detailed.mmd; docs/requirements/decision-register.md,Reporting/RBAC/audit/backup integration; admin E2E; permission-denial and safe-error negatives.,Mapped,TBD post-SRS freeze,TBD post-SRS freeze,PLANNED — no execution evidence,NOT EXECUTED,
FR-ADMIN-005,Source FR,Admin Dashboard,82,Customer preference reporting,Client/source baseline,docs/requirements/functional-requirements.md,UC-ADM-001,docs/ui/admin-derived-modules.md,Admin Dashboard & Reports,"D-057, D-058, D-060–D-062, D-066",docs/requirements/data-dictionary.csv; docs/requirements/erd-logical-detailed.mmd; docs/requirements/decision-register.md,Reporting/RBAC/audit/backup integration; admin E2E; permission-denial and safe-error negatives.,Mapped,TBD post-SRS freeze,TBD post-SRS freeze,PLANNED — no execution evidence,NOT EXECUTED,
FR-ADMIN-006,Source FR,Admin Dashboard,83,Fragrance quiz result reporting,Client/source baseline,docs/requirements/functional-requirements.md,UC-ADM-001,docs/ui/admin-derived-modules.md,Admin Dashboard & Reports,"D-057, D-058, D-060–D-062, D-066",docs/requirements/data-dictionary.csv; docs/requirements/erd-logical-detailed.mmd; docs/requirements/decision-register.md,Reporting/RBAC/audit/backup integration; admin E2E; permission-denial and safe-error negatives.,Mapped,TBD post-SRS freeze,TBD post-SRS freeze,PLANNED — no execution evidence,NOT EXECUTED,
FR-ADMIN-007,Source FR,Admin Dashboard,84,Inventory reporting,Client/source baseline,docs/requirements/functional-requirements.md,UC-ADM-001,docs/ui/admin-derived-modules.md,Admin Dashboard & Reports,"D-057, D-058, D-060–D-062, D-066",docs/requirements/data-dictionary.csv; docs/requirements/erd-logical-detailed.mmd; docs/requirements/decision-register.md,Reporting/RBAC/audit/backup integration; admin E2E; permission-denial and safe-error negatives.,Mapped,TBD post-SRS freeze,TBD post-SRS freeze,PLANNED — no execution evidence,NOT EXECUTED,
FR-ADMIN-008,Source FR,Admin Dashboard,85,Promotion performance reporting,Client/source baseline,docs/requirements/functional-requirements.md,UC-ADM-001,docs/ui/admin-derived-modules.md,Admin Dashboard & Reports,"D-057, D-058, D-060–D-062, D-066",docs/requirements/data-dictionary.csv; docs/requirements/erd-logical-detailed.mmd; docs/requirements/decision-register.md,Reporting/RBAC/audit/backup integration; admin E2E; permission-denial and safe-error negatives.,Mapped,TBD post-SRS freeze,TBD post-SRS freeze,PLANNED — no execution evidence,NOT EXECUTED,
FR-ADMIN-009,Source FR,Admin Dashboard,86,AI recommendation performance reporting,Client/source baseline,docs/requirements/functional-requirements.md,UC-ADM-001,docs/ui/admin-derived-modules.md,Admin Dashboard & Reports,"D-057, D-058, D-060–D-062, D-066",docs/requirements/data-dictionary.csv; docs/requirements/erd-logical-detailed.mmd; docs/requirements/decision-register.md,Reporting/RBAC/audit/backup integration; admin E2E; permission-denial and safe-error negatives.,Mapped,TBD post-SRS freeze,TBD post-SRS freeze,PLANNED — no execution evidence,NOT EXECUTED,
FR-ADMIN-010,Source FR,Admin Dashboard,87,Administrative account management,Client/source baseline,docs/requirements/functional-requirements.md,UC-ADM-002,docs/ui/admin-derived-modules.md,Admin Accounts & RBAC,"D-057–D-059, D-063",docs/requirements/data-dictionary.csv; docs/requirements/erd-logical-detailed.mmd; docs/requirements/decision-register.md,Reporting/RBAC/audit/backup integration; admin E2E; permission-denial and safe-error negatives.,Mapped,TBD post-SRS freeze,TBD post-SRS freeze,PLANNED — no execution evidence,NOT EXECUTED,
FR-ADMIN-011,Source FR,Admin Dashboard,88,Role-based access control,Client/source baseline,docs/requirements/functional-requirements.md,UC-ADM-002,docs/ui/admin-derived-modules.md,Admin Accounts & RBAC,"D-057–D-059, D-063",docs/requirements/data-dictionary.csv; docs/requirements/erd-logical-detailed.mmd; docs/requirements/decision-register.md,Reporting/RBAC/audit/backup integration; admin E2E; permission-denial and safe-error negatives.,Mapped,TBD post-SRS freeze,TBD post-SRS freeze,PLANNED — no execution evidence,NOT EXECUTED,
FR-ADMIN-012,Source FR,Admin Dashboard,89,Audit log management,Client/source baseline,docs/requirements/functional-requirements.md,UC-ADM-003,docs/ui/admin-derived-modules.md,Audit History,"D-057, D-058, D-063, D-064",docs/requirements/data-dictionary.csv; docs/requirements/erd-logical-detailed.mmd; docs/requirements/decision-register.md,Reporting/RBAC/audit/backup integration; admin E2E; permission-denial and safe-error negatives.,Mapped,TBD post-SRS freeze,TBD post-SRS freeze,PLANNED — no execution evidence,NOT EXECUTED,
FR-ADMIN-013,Source FR,Admin Dashboard,90,Data backup management,Client/source baseline,docs/requirements/functional-requirements.md,UC-ADM-004,docs/ui/admin-derived-modules.md,Backup Management,"D-057, D-058, D-063, D-065, D-090",docs/requirements/data-dictionary.csv; docs/requirements/erd-logical-detailed.mmd; docs/requirements/decision-register.md,Reporting/RBAC/audit/backup integration; admin E2E; permission-denial and safe-error negatives.,Mapped,TBD post-SRS freeze,TBD post-SRS freeze,PLANNED — no execution evidence,NOT EXECUTED,
DER-INVENTORY-001,Derived FR,Inventory & Production,,Track inventory at sellable perfume-variant level and calculate available stock using on-hand and reserved/committed quantities.,Approved development-team-derived SRS requirement,docs/requirements/derived-requirements.md,UC-INV-001,docs/ui/admin-derived-modules.md,Inventory Overview,"D-067, D-071, D-072",docs/requirements/data-dictionary.csv; docs/requirements/erd-logical-detailed.mmd; docs/requirements/decision-register.md,Unit inventory/low-stock/reservation/batch rules; transaction/concurrency persistence integration; admin inventory/batch E2E; duplicate release/over-allocation negatives.,Mapped,TBD post-SRS freeze,TBD post-SRS freeze,PLANNED — no execution evidence,NOT EXECUTED,Must remain distinguishable from the 91 source FR entries.
DER-INVENTORY-002,Derived FR,Inventory & Production,,"Record inventory changes through attributable inventory movements containing quantity delta, source/reason, reference, and timestamp.",Approved development-team-derived SRS requirement,docs/requirements/derived-requirements.md,UC-INV-001,docs/ui/admin-derived-modules.md,Inventory Movement History,D-068,docs/requirements/data-dictionary.csv; docs/requirements/erd-logical-detailed.mmd; docs/requirements/decision-register.md,Unit inventory/low-stock/reservation/batch rules; transaction/concurrency persistence integration; admin inventory/batch E2E; duplicate release/over-allocation negatives.,Mapped,TBD post-SRS freeze,TBD post-SRS freeze,PLANNED — no execution evidence,NOT EXECUTED,Must remain distinguishable from the 91 source FR entries.
DER-INVENTORY-003,Derived FR,Inventory & Production,,Allow authorised administrators to record finished-perfume production batches associated with sellable variants.,Approved development-team-derived SRS requirement,docs/requirements/derived-requirements.md,UC-INV-002,docs/ui/admin-derived-modules.md,Production Batch Management,D-069,docs/requirements/data-dictionary.csv; docs/requirements/erd-logical-detailed.mmd; docs/requirements/decision-register.md,Unit inventory/low-stock/reservation/batch rules; transaction/concurrency persistence integration; admin inventory/batch E2E; duplicate release/over-allocation negatives.,Mapped,TBD post-SRS freeze,TBD post-SRS freeze,PLANNED — no execution evidence,NOT EXECUTED,Must remain distinguishable from the 91 source FR entries.
DER-INVENTORY-004,Derived FR,Inventory & Production,,Add production-batch quantity to sellable inventory only through an authorised batch-release workflow that applies the movement once.,Approved development-team-derived SRS requirement,docs/requirements/derived-requirements.md,UC-INV-002,docs/ui/admin-derived-modules.md,Production Batch Release,D-070,docs/requirements/data-dictionary.csv; docs/requirements/erd-logical-detailed.mmd; docs/requirements/decision-register.md,Unit inventory/low-stock/reservation/batch rules; transaction/concurrency persistence integration; admin inventory/batch E2E; duplicate release/over-allocation negatives.,Mapped,TBD post-SRS freeze,TBD post-SRS freeze,PLANNED — no execution evidence,NOT EXECUTED,Must remain distinguishable from the 91 source FR entries.
DER-INVENTORY-005,Derived FR,Inventory & Production,,Allow administrators to view variant stock and identify variants at/below configured low-stock thresholds.,Approved development-team-derived SRS requirement,docs/requirements/derived-requirements.md,UC-INV-001,docs/ui/admin-derived-modules.md,Low Stock View,D-071,docs/requirements/data-dictionary.csv; docs/requirements/erd-logical-detailed.mmd; docs/requirements/decision-register.md,Unit inventory/low-stock/reservation/batch rules; transaction/concurrency persistence integration; admin inventory/batch E2E; duplicate release/over-allocation negatives.,Mapped,TBD post-SRS freeze,TBD post-SRS freeze,PLANNED — no execution evidence,NOT EXECUTED,Must remain distinguishable from the 91 source FR entries.
DER-INVENTORY-006,Derived FR,Inventory & Production,,Use atomic inventory reservation/commitment controls that prevent allocation beyond available stock and safely release failed/expired reservations.,Approved development-team-derived SRS requirement,docs/requirements/derived-requirements.md,INV-SYS-001,docs/ui/admin-derived-modules.md,No direct UI — reservation/commit invariant,D-072,docs/requirements/data-dictionary.csv; docs/requirements/erd-logical-detailed.mmd; docs/requirements/decision-register.md,Unit inventory/low-stock/reservation/batch rules; transaction/concurrency persistence integration; admin inventory/batch E2E; duplicate release/over-allocation negatives.,Mapped,TBD post-SRS freeze,TBD post-SRS freeze,PLANNED — no execution evidence,NOT EXECUTED,Must remain distinguishable from the 91 source FR entries.
DER-REVIEW-001,Derived FR,Reviews & Community,,Allow an authenticated customer to submit one rating and short text review for a perfume they have purchased; reviews are publicly visible subject to admin moderation.,Approved development-team-derived SRS requirement,docs/requirements/derived-requirements.md,UC-REV-001; UC-REV-002,docs/ui/admin-derived-modules.md,Review Submission / Moderation,D-073,docs/requirements/data-dictionary.csv; docs/requirements/erd-logical-detailed.mmd; docs/requirements/decision-register.md,Purchase eligibility + one-review rule unit/integration; customer review E2E; admin moderation E2E; duplicate/unauthorised review negatives.,Mapped,TBD post-SRS freeze,TBD post-SRS freeze,PLANNED — no execution evidence,NOT EXECUTED,Must remain distinguishable from the 91 source FR entries.
DER-COMMUNITY-001,Derived FR,Reviews & Community,,"Treat the shared public review space as the baseline community capability; replies, likes, follows, DMs, and community feeds are excluded.",Approved development-team-derived SRS requirement,docs/requirements/derived-requirements.md,UC-REV-001,docs/ui/admin-derived-modules.md,Public Reviews,D-074,docs/requirements/data-dictionary.csv; docs/requirements/erd-logical-detailed.mmd; docs/requirements/decision-register.md,Purchase eligibility + one-review rule unit/integration; customer review E2E; admin moderation E2E; duplicate/unauthorised review negatives.,Mapped,TBD post-SRS freeze,TBD post-SRS freeze,PLANNED — no execution evidence,NOT EXECUTED,Must remain distinguishable from the 91 source FR entries.
DER-LOYALTY-001,Derived FR,"Loyalty, Subscription & Referral",,Award simple loyalty points for qualifying completed orders and allow redemption according to administrator-configured rules; tiers are excluded.,Approved development-team-derived SRS requirement,docs/requirements/derived-requirements.md,UC-LOY-001,docs/ui/admin-derived-modules.md,Loyalty Points,D-075,docs/requirements/data-dictionary.csv; docs/requirements/erd-logical-detailed.mmd; docs/requirements/decision-register.md,Qualifying-order/points/redemption unit+integration; customer loyalty E2E.,Mapped,TBD post-SRS freeze,TBD post-SRS freeze,PLANNED — no execution evidence,NOT EXECUTED,Must remain distinguishable from the 91 source FR entries.
DER-SUBSCRIPTION-001,Derived FR,"Loyalty, Subscription & Referral",,Allow customers to opt in to/out of a basic subscription record; recurring billing and automatic recurring perfume orders are excluded.,Approved development-team-derived SRS requirement,docs/requirements/derived-requirements.md,UC-SUB-001,docs/ui/admin-derived-modules.md,Subscription Opt-In/Out,D-076,docs/requirements/data-dictionary.csv; docs/requirements/erd-logical-detailed.mmd; docs/requirements/decision-register.md,Opt-in/out validation+persistence; customer subscription E2E; confirm no recurring billing/order behaviour.,Mapped,TBD post-SRS freeze,TBD post-SRS freeze,PLANNED — no execution evidence,NOT EXECUTED,Must remain distinguishable from the 91 source FR entries.
DER-REFERRAL-001,Derived FR,"Loyalty, Subscription & Referral",,Provide an authenticated customer with a unique referral code/link and allow configured loyalty rewards after a qualifying referral.,Approved development-team-derived SRS requirement,docs/requirements/derived-requirements.md,UC-REF-001,docs/ui/admin-derived-modules.md,Referral,D-077,docs/requirements/data-dictionary.csv; docs/requirements/erd-logical-detailed.mmd; docs/requirements/decision-register.md,Unique-code/qualifying-referral/reward unit+integration; customer referral E2E; duplicate reward negatives.,Mapped,TBD post-SRS freeze,TBD post-SRS freeze,PLANNED — no execution evidence,NOT EXECUTED,Must remain distinguishable from the 91 source FR entries.
DER-PROMO-001,Derived FR,Promotions & Social Content,,"Allow authorised administrators to create/manage promotion codes with basic discount, active status/date, and eligibility rules.",Approved development-team-derived SRS requirement,docs/requirements/derived-requirements.md,UC-PROMO-001,docs/ui/admin-derived-modules.md,Promotion Management,D-078,docs/requirements/data-dictionary.csv; docs/requirements/erd-logical-detailed.mmd; docs/requirements/decision-register.md,Promotion validation+persistence; admin promotion E2E; cart/checkout integration; invalid/expired/ineligible negatives.,Mapped,TBD post-SRS freeze,TBD post-SRS freeze,PLANNED — no execution evidence,NOT EXECUTED,Must remain distinguishable from the 91 source FR entries.
DER-SOCIAL-001,Derived FR,Promotions & Social Content,,Allow authorised administrators to create/manage promotional-content records intended for social media without implementing a full scheduling platform.,Approved development-team-derived SRS requirement,docs/requirements/derived-requirements.md,UC-SOC-001,docs/ui/admin-derived-modules.md,Promotional Content Management,D-079,docs/requirements/data-dictionary.csv; docs/requirements/erd-logical-detailed.mmd; docs/requirements/decision-register.md,Promotional-content persistence+RBAC; admin content E2E; confirm no scheduler/autopost.,Mapped,TBD post-SRS freeze,TBD post-SRS freeze,PLANNED — no execution evidence,NOT EXECUTED,Must remain distinguishable from the 91 source FR entries.
DER-SOCIAL-002,Derived FR,Promotions & Social Content,,Support AI-assisted promotional-video generation with admin preview and approve/reject control using approved/copyright-safe assets; automatic posting is excluded.,Approved development-team-derived SRS requirement,docs/requirements/derived-requirements.md,UC-SOC-002,docs/ui/admin-derived-modules.md,AI Video Generate / Preview / Approve,"D-080, D-094, D-101",docs/requirements/data-dictionary.csv; docs/requirements/erd-logical-detailed.mmd; docs/requirements/decision-register.md,AI promotional adapter/context/asset-control integration; generate→preview→approve/reject E2E; AI failure/asset/no-autopost negatives.,Mapped,TBD post-SRS freeze,TBD post-SRS freeze,PLANNED — no execution evidence,NOT EXECUTED,Must remain distinguishable from the 91 source FR entries.
NFR-PERF-001,Source NFR,Performance,,The system should load pages and process customer requests within acceptable response times under normal operating conditions.,Client/source NFR; measurable acceptance criterion is project-defined,docs/requirements/non-functional-requirements.md,Cross-cutting NFR,docs/ui/account-profile.md; docs/ui/catalogue-discovery.md; docs/ui/personalisation-ai-support.md; docs/ui/cart-order-delivery.md; docs/ui/admin-derived-modules.md,All key customer/admin pages,D-086,docs/testing/system-testing-plan.md; docs/testing/nfr-validation-profile.txt,Three repeatable staging performance runs; p95 non-AI response time and key-page LCP.,Mapped (cross-cutting),TBD post-SRS freeze,TBD post-SRS freeze,PLANNED — no execution evidence,NOT EXECUTED,Verification target is planned only; no PASS/FAIL claim exists at SRS stage.
NFR-AVAIL-001,Source NFR,Availability,,The system should remain accessible to users with minimal downtime.,Client/source NFR; measurable acceptance criterion is project-defined,docs/requirements/non-functional-requirements.md,Cross-cutting NFR,—,N/A — runtime/service,"D-086, D-095",docs/testing/system-testing-plan.md; docs/testing/nfr-validation-profile.txt,4-hour staging acceptance window with one-minute health probes; availability/outage evidence.,Mapped (cross-cutting),TBD post-SRS freeze,TBD post-SRS freeze,PLANNED — no execution evidence,NOT EXECUTED,Verification target is planned only; no PASS/FAIL claim exists at SRS stage.
NFR-REL-001,Source NFR,Reliability,,Customer transactions and business operations should be completed consistently without data loss.,Client/source NFR; measurable acceptance criterion is project-defined,docs/requirements/non-functional-requirements.md,UC-ORDER-001; UC-PAY-001; INV-SYS-001,docs/ui/cart-order-delivery.md,Commerce/inventory journeys,"D-040, D-043, D-072, D-096",docs/requirements/erd-logical-detailed.mmd; docs/testing/system-testing-plan.md; docs/testing/nfr-validation-profile.txt,Transaction success/failure/timeout/retry integration suite; inspect persisted outcomes for orphan/duplicate/lost state.,Mapped,TBD post-SRS freeze,TBD post-SRS freeze,PLANNED — no execution evidence,NOT EXECUTED,Verification target is planned only; no PASS/FAIL claim exists at SRS stage.
NFR-SCALE-001,Source NFR,Scalability,,"The system should support growth in customers, products, orders and website traffic.",Client/source NFR; measurable acceptance criterion is project-defined,docs/requirements/non-functional-requirements.md,Cross-cutting NFR,docs/ui/account-profile.md; docs/ui/catalogue-discovery.md; docs/ui/personalisation-ai-support.md; docs/ui/cart-order-delivery.md; docs/ui/admin-derived-modules.md,Key browse/search/cart/checkout journeys,D-086,docs/testing/system-testing-plan.md; docs/testing/nfr-validation-profile.txt,5x seeded dataset + 20 concurrent virtual users; performance/search/error-rate comparison.,Mapped (cross-cutting),TBD post-SRS freeze,TBD post-SRS freeze,PLANNED — no execution evidence,NOT EXECUTED,Verification target is planned only; no PASS/FAIL claim exists at SRS stage.
NFR-SEC-001,Source NFR,Security,,"Customer, payment and business information should be protected from unauthorised access.",Client/source NFR; measurable acceptance criterion is project-defined,docs/requirements/non-functional-requirements.md,All protected UCs,docs/ui/account-profile.md; docs/ui/catalogue-discovery.md; docs/ui/personalisation-ai-support.md; docs/ui/cart-order-delivery.md; docs/ui/admin-derived-modules.md,All authenticated/admin surfaces,"D-058, D-082, D-083, D-104",docs/privacy/dpia.md; docs/srs/development-environment.md; docs/testing/system-testing-plan.md; docs/testing/nfr-validation-profile.txt,Access-control tests + secret/client/repository inspection + dependency/security scan with no unresolved Critical/High findings.,Mapped,TBD post-SRS freeze,TBD post-SRS freeze,PLANNED — no execution evidence,NOT EXECUTED,Verification target is planned only; no PASS/FAIL claim exists at SRS stage.
NFR-AUTHN-001,Source NFR,Authentication,,Secure authentication mechanisms should verify the identity of users before granting access.,Client/source NFR; measurable acceptance criterion is project-defined,docs/requirements/non-functional-requirements.md,UC-AUTH-002; UC-AUTH-003; UC-AUTH-006,docs/ui/account-profile.md,Verification / Login / Deactivation,"D-001, D-084",docs/srs/use-cases/account-profile.md; docs/testing/system-testing-plan.md; docs/testing/nfr-validation-profile.txt,"Authentication-state tests for valid ACTIVE, invalid, unverified and DEACTIVATED accounts.",Mapped,TBD post-SRS freeze,TBD post-SRS freeze,PLANNED — no execution evidence,NOT EXECUTED,Verification target is planned only; no PASS/FAIL claim exists at SRS stage.
NFR-AUTHZ-001,Source NFR,Authorisation,,Access to system functions should be controlled according to user roles and permissions.,Client/source NFR; measurable acceptance criterion is project-defined,docs/requirements/non-functional-requirements.md,UC-ADM-002 + all protected customer/admin UCs,docs/ui/account-profile.md; docs/ui/admin-derived-modules.md,Protected customer/admin surfaces,"D-058, D-082, D-099",docs/privacy/dpia.md; docs/testing/system-testing-plan.md; docs/testing/nfr-validation-profile.txt,RBAC permission-matrix suite across administrator-only routes/actions.,Mapped,TBD post-SRS freeze,TBD post-SRS freeze,PLANNED — no execution evidence,NOT EXECUTED,Verification target is planned only; no PASS/FAIL claim exists at SRS stage.
NFR-PRIV-001,Source NFR,Data Privacy,,"Customer personal information should be collected, stored and processed securely.",Client/source NFR; measurable acceptance criterion is project-defined,docs/requirements/non-functional-requirements.md,All personal-data / AI UCs,docs/ui/account-profile.md; docs/ui/catalogue-discovery.md; docs/ui/personalisation-ai-support.md; docs/ui/cart-order-delivery.md; docs/ui/admin-derived-modules.md,"Profile, checkout, support, admin","D-089, D-097–D-102, D-104",docs/privacy/dpia.md; docs/privacy/retention-schedule.csv; docs/requirements/data-dictionary.csv,DPIA/data inventory review + AI request fixture inspection + deactivation/retention tests.,Mapped,TBD post-SRS freeze,TBD post-SRS freeze,PLANNED — no execution evidence,NOT EXECUTED,Verification target is planned only; no PASS/FAIL claim exists at SRS stage.
NFR-ENC-001,Source NFR,Encryption,,Sensitive information should be encrypted during transmission and storage.,Client/source NFR; measurable acceptance criterion is project-defined,docs/requirements/non-functional-requirements.md,Cross-cutting NFR,—,N/A — transport/storage,D-083,docs/srs/development-environment.md; docs/privacy/dpia.md,TLS/deployment connection checks + managed database/storage encryption evidence.,Mapped (cross-cutting),TBD post-SRS freeze,TBD post-SRS freeze,PLANNED — no execution evidence,NOT EXECUTED,Verification target is planned only; no PASS/FAIL claim exists at SRS stage.
NFR-USE-001,Source NFR,Usability,,"The interface should be simple, intuitive and easy for customers and administrators to use.",Client/source NFR; measurable acceptance criterion is project-defined,docs/requirements/non-functional-requirements.md,Cross-cutting UI NFR,docs/ui/account-profile.md; docs/ui/catalogue-discovery.md; docs/ui/personalisation-ai-support.md; docs/ui/cart-order-delivery.md; docs/ui/admin-derived-modules.md,Core customer/admin task set,—,docs/ui/; docs/testing/system-testing-plan.md; docs/testing/nfr-validation-profile.txt,Five-participant task-based usability test; completion/assistance/blocker evidence.,Mapped (cross-cutting),TBD post-SRS freeze,TBD post-SRS freeze,PLANNED — no execution evidence,NOT EXECUTED,Verification target is planned only; no PASS/FAIL claim exists at SRS stage.
NFR-ACC-001,Source NFR,Accessibility,,The system should support accessibility guidelines for users with different abilities.,Client/source NFR; measurable acceptance criterion is project-defined,docs/requirements/non-functional-requirements.md,Cross-cutting UI NFR,docs/ui/account-profile.md; docs/ui/catalogue-discovery.md; docs/ui/personalisation-ai-support.md; docs/ui/cart-order-delivery.md; docs/ui/admin-derived-modules.md,Key customer/admin pages,D-087,docs/testing/system-testing-plan.md; docs/testing/nfr-validation-profile.txt,Automated accessibility scans + keyboard/focus review against WCAG 2.2 AA target.,Mapped (cross-cutting),TBD post-SRS freeze,TBD post-SRS freeze,PLANNED — no execution evidence,NOT EXECUTED,Verification target is planned only; no PASS/FAIL claim exists at SRS stage.
NFR-RESP-001,Source NFR,Responsiveness,,"The user interface should adapt correctly to desktop, tablet and mobile devices.",Client/source NFR; measurable acceptance criterion is project-defined,docs/requirements/non-functional-requirements.md,Cross-cutting UI NFR,docs/ui/account-profile.md; docs/ui/catalogue-discovery.md; docs/ui/personalisation-ai-support.md; docs/ui/cart-order-delivery.md; docs/ui/admin-derived-modules.md,All responsive surfaces,—,docs/ui/; docs/testing/system-testing-plan.md; docs/testing/nfr-validation-profile.txt,"Responsive acceptance checklist at 375 px, 768 px and 1440 px.",Mapped (cross-cutting),TBD post-SRS freeze,TBD post-SRS freeze,PLANNED — no execution evidence,NOT EXECUTED,Verification target is planned only; no PASS/FAIL claim exists at SRS stage.
NFR-COMPAT-001,Source NFR,Compatibility,,The system should operate on major web browsers and supported operating systems.,Client/source NFR; measurable acceptance criterion is project-defined,docs/requirements/non-functional-requirements.md,Cross-cutting UI NFR,docs/ui/account-profile.md; docs/ui/catalogue-discovery.md; docs/ui/personalisation-ai-support.md; docs/ui/cart-order-delivery.md; docs/ui/admin-derived-modules.md,Core customer/admin smoke flows,D-088,docs/testing/system-testing-plan.md; docs/testing/nfr-validation-profile.txt,"Core smoke tests on current stable Chrome, Firefox, Edge and Safari; record versions.",Mapped (cross-cutting),TBD post-SRS freeze,TBD post-SRS freeze,PLANNED — no execution evidence,NOT EXECUTED,Verification target is planned only; no PASS/FAIL claim exists at SRS stage.
NFR-MAINT-001,Source NFR,Maintainability,,The system should be modular and easy to maintain or enhance.,Client/source NFR; measurable acceptance criterion is project-defined,docs/requirements/non-functional-requirements.md,Cross-cutting architecture NFR,—,N/A — code structure/CI,"D-081, D-092, D-093",docs/srs/development-environment.md; docs/project-management/implementation-plan.md,CI lint/type/test checks + architecture dependency/import review + provider SDK boundary review.,Mapped (cross-cutting),TBD post-SRS freeze,TBD post-SRS freeze,PLANNED — no execution evidence,NOT EXECUTED,Verification target is planned only; no PASS/FAIL claim exists at SRS stage.
NFR-EXT-001,Source NFR,Extensibility,,"New products, features and AI capabilities should be added with minimal system changes.",Client/source NFR; measurable acceptance criterion is project-defined,docs/requirements/non-functional-requirements.md,Provider-contract controls,—,N/A — provider adapters,"D-081, D-093",docs/diagrams/system-architecture.mmd; docs/srs/development-environment.md,Provider-contract substitution tests with alternate PaymentGateway/AIProvider/DeliveryProvider stubs.,Mapped,TBD post-SRS freeze,TBD post-SRS freeze,PLANNED — no execution evidence,NOT EXECUTED,Verification target is planned only; no PASS/FAIL claim exists at SRS stage.
NFR-INTOP-001,Source NFR,Interoperability,,"The system should integrate with payment gateways, courier services and AI platforms.",Client/source NFR; measurable acceptance criterion is project-defined,docs/requirements/non-functional-requirements.md,UC-PAY-001; UC-PERS-04; UC-SUPP-01/02; UC-DELIVERY-002/003,docs/ui/cart-order-delivery.md; docs/ui/personalisation-ai-support.md,Payment / AI / delivery surfaces,"D-046, D-093",docs/diagrams/system-architecture.mmd; docs/srs/development-environment.md,Payment/email/AI/delivery adapter contract tests including normal/failure responses.,Mapped,TBD post-SRS freeze,TBD post-SRS freeze,PLANNED — no execution evidence,NOT EXECUTED,Verification target is planned only; no PASS/FAIL claim exists at SRS stage.
NFR-INTEGRITY-001,Source NFR,Data Integrity,,"Product, inventory, customer and order data should remain accurate and consistent.",Client/source NFR; measurable acceptance criterion is project-defined,docs/requirements/non-functional-requirements.md,All persistence-sensitive UCs; INV-SYS-001,docs/ui/account-profile.md; docs/ui/catalogue-discovery.md; docs/ui/personalisation-ai-support.md; docs/ui/cart-order-delivery.md; docs/ui/admin-derived-modules.md,Commerce/inventory/admin data surfaces,"D-072, D-082, D-096",docs/requirements/data-dictionary.csv; docs/requirements/erd-logical-detailed.mmd; docs/testing/system-testing-plan.md; docs/testing/nfr-validation-profile.txt,Persistence constraints + commerce/inventory transaction integration tests; no invalid references/negative stock/invalid state combinations.,Mapped,TBD post-SRS freeze,TBD post-SRS freeze,PLANNED — no execution evidence,NOT EXECUTED,Verification target is planned only; no PASS/FAIL claim exists at SRS stage.
NFR-BACKUP-001,Source NFR,Backup,,System data should be backed up automatically at scheduled intervals.,Client/source NFR; measurable acceptance criterion is project-defined,docs/requirements/non-functional-requirements.md,UC-ADM-004,docs/ui/admin-derived-modules.md,Backup Management,"D-065, D-090",docs/privacy/retention-schedule.csv; docs/testing/system-testing-plan.md; docs/testing/nfr-validation-profile.txt,Inspect automated backup schedule/provider configuration and verify at least one successful backup record/reference.,Mapped,TBD post-SRS freeze,TBD post-SRS freeze,PLANNED — no execution evidence,NOT EXECUTED,Verification target is planned only; no PASS/FAIL claim exists at SRS stage.
NFR-RECOVERY-001,Source NFR,Recovery,,The system should support restoration of data following hardware or software failures.,Client/source NFR; measurable acceptance criterion is project-defined,docs/requirements/non-functional-requirements.md,Recovery control,—,N/A — restore drill,D-090,docs/testing/system-testing-plan.md; docs/testing/nfr-validation-profile.txt,Timed isolated restore drill from latest usable backup + row-count/key-record integrity checks.,Mapped,TBD post-SRS freeze,TBD post-SRS freeze,PLANNED — no execution evidence,NOT EXECUTED,Verification target is planned only; no PASS/FAIL claim exists at SRS stage.
NFR-AUDIT-001,Source NFR,Auditability,,Significant user and administrator activities should be recorded for auditing purposes.,Client/source NFR; measurable acceptance criterion is project-defined,docs/requirements/non-functional-requirements.md,UC-ADM-003 + privileged/high-impact UCs,docs/ui/admin-derived-modules.md,Audit History / privileged actions,"D-063, D-064, D-095",docs/requirements/data-dictionary.csv; docs/privacy/dpia.md,One test per approved high-impact/security/privileged audit event; inspect append-oriented records.,Mapped,TBD post-SRS freeze,TBD post-SRS freeze,PLANNED — no execution evidence,NOT EXECUTED,Verification target is planned only; no PASS/FAIL claim exists at SRS stage.
NFR-ERROR-001,Source NFR,Error Handling,,User-friendly error messages should be displayed without exposing internal system details.,Client/source NFR; measurable acceptance criterion is project-defined,docs/requirements/non-functional-requirements.md,Cross-cutting NFR,docs/ui/account-profile.md; docs/ui/catalogue-discovery.md; docs/ui/personalisation-ai-support.md; docs/ui/cart-order-delivery.md; docs/ui/admin-derived-modules.md,All error states,D-085,docs/testing/system-testing-plan.md; docs/testing/nfr-validation-profile.txt,Negative-path UI/API tests; inspect browser-visible responses for no stack trace/SQL/secret/token/internal detail.,Mapped (cross-cutting),TBD post-SRS freeze,TBD post-SRS freeze,PLANNED — no execution evidence,NOT EXECUTED,Verification target is planned only; no PASS/FAIL claim exists at SRS stage.
NFR-LOG-001,Source NFR,Logging,,"System events, errors and security incidents should be recorded for monitoring and troubleshooting.",Client/source NFR; measurable acceptance criterion is project-defined,docs/requirements/non-functional-requirements.md,Cross-cutting NFR,—,N/A — server/integration/security logs,"D-085, D-095",docs/srs/development-environment.md; docs/testing/system-testing-plan.md; docs/testing/nfr-validation-profile.txt,Trigger representative server/integration/security events and inspect structured logs for required context and no sensitive values.,Mapped (cross-cutting),TBD post-SRS freeze,TBD post-SRS freeze,PLANNED — no execution evidence,NOT EXECUTED,Verification target is planned only; no PASS/FAIL claim exists at SRS stage.
NFR-VALID-001,Source NFR,Input Validation,,"User inputs should be validated for completeness, format, type and acceptable values.",Client/source NFR; measurable acceptance criterion is project-defined,docs/requirements/non-functional-requirements.md,All externally writable UCs,docs/ui/account-profile.md; docs/ui/catalogue-discovery.md; docs/ui/personalisation-ai-support.md; docs/ui/cart-order-delivery.md; docs/ui/admin-derived-modules.md,All writable forms/actions,D-085,docs/srs/development-environment.md; docs/testing/system-testing-plan.md; docs/testing/nfr-validation-profile.txt,Positive/negative validation tests for every externally writable action; confirm rejected payloads do not mutate protected state.,Mapped,TBD post-SRS freeze,TBD post-SRS freeze,PLANNED — no execution evidence,NOT EXECUTED,Verification target is planned only; no PASS/FAIL claim exists at SRS stage.
NFR-SEARCH-001,Source NFR,Search Efficiency,,Product searches and filtering operations should return results efficiently.,Client/source NFR; measurable acceptance criterion is project-defined,docs/requirements/non-functional-requirements.md,UC-DISC-002; UC-DISC-003; UC-DISC-004,docs/ui/catalogue-discovery.md,Search / Filters / Weather Suggestions,"D-018, D-020, D-086",docs/srs/use-cases/catalogue-discovery.md; docs/testing/system-testing-plan.md; docs/testing/nfr-validation-profile.txt,Script supported search/filter cases on 5x dataset + 20 users; record correctness and p95 latency.,Mapped,TBD post-SRS freeze,TBD post-SRS freeze,PLANNED — no execution evidence,NOT EXECUTED,Verification target is planned only; no PASS/FAIL claim exists at SRS stage.
NFR-TXN-001,Source NFR,Transaction Safety,,Payment and order transactions should prevent duplication and maintain consistency.,Client/source NFR; measurable acceptance criterion is project-defined,docs/requirements/non-functional-requirements.md,UC-ORDER-001; UC-PAY-001; INV-SYS-001,docs/ui/cart-order-delivery.md,Checkout / Payment,"D-040, D-043, D-072, D-096",docs/srs/use-cases/cart-order-delivery.md; docs/requirements/erd-logical-detailed.mmd,Duplicate checkout + repeated/late provider-result integration tests; inspect order/payment/invoice/inventory effects.,Mapped,TBD post-SRS freeze,TBD post-SRS freeze,PLANNED — no execution evidence,NOT EXECUTED,Verification target is planned only; no PASS/FAIL claim exists at SRS stage.
NFR-SESSION-001,Source NFR,Session Management,,User sessions should expire automatically after a period of inactivity.,Client/source NFR; measurable acceptance criterion is project-defined,docs/requirements/non-functional-requirements.md,UC-AUTH-003; UC-AUTH-004; UC-AUTH-006,docs/ui/account-profile.md,Login / Logout / session states,D-084,docs/srs/use-cases/account-profile.md; docs/srs/development-environment.md,Reduced-timeout automated test + configuration inspection confirming 30-minute inactivity value in final staging/deployment.,Mapped,TBD post-SRS freeze,TBD post-SRS freeze,PLANNED — no execution evidence,NOT EXECUTED,Verification target is planned only; no PASS/FAIL claim exists at SRS stage.
NFR-CONTENT-001,Source NFR,Content Quality,,"Product descriptions, images and promotional materials should meet defined quality standards.",Client/source NFR; measurable acceptance criterion is project-defined,docs/requirements/non-functional-requirements.md,UC-CAT-001; UC-SOC-001; UC-SOC-002,docs/ui/catalogue-discovery.md; docs/ui/admin-derived-modules.md,Catalogue / Promotional Content,"D-079, D-080, D-094",docs/srs/use-cases/catalogue-discovery.md; docs/srs/use-cases/admin-derived-modules.md,Content completeness query/check + manual seeded public catalogue/promotional sample review.,Mapped,TBD post-SRS freeze,TBD post-SRS freeze,PLANNED — no execution evidence,NOT EXECUTED,Verification target is planned only; no PASS/FAIL claim exists at SRS stage.
NFR-AITRANS-001,Source NFR,AI Transparency,,AI-generated recommendations and promotional content should be clearly identifiable where appropriate.,Client/source NFR; measurable acceptance criterion is project-defined,docs/requirements/non-functional-requirements.md,UC-PERS-04; UC-SUPP-01/02; UC-SOC-002,docs/ui/personalisation-ai-support.md; docs/ui/admin-derived-modules.md,Recommendations / Support / AI promo preview,"D-032, D-048, D-080, D-094",docs/privacy/dpia.md; docs/srs/use-cases/personalisation-ai-support.md,"AI UI acceptance checklist for recommendations, support responses and promotional-generation preview.",Mapped,TBD post-SRS freeze,TBD post-SRS freeze,PLANNED — no execution evidence,NOT EXECUTED,Verification target is planned only; no PASS/FAIL claim exists at SRS stage.
NFR-COPYRIGHT-001,Source NFR,Copyright Compliance,,AI-generated media should use authorised brand assets and copyright-compliant resources.,Client/source NFR; measurable acceptance criterion is project-defined,docs/requirements/non-functional-requirements.md,UC-SOC-002,docs/ui/admin-derived-modules.md,AI Promotional Video Approval,"D-080, D-094",docs/srs/use-cases/admin-derived-modules.md; docs/privacy/dpia.md,Inspect AI-video approval workflow and sample approved content/asset-authorisation checklist.,Mapped,TBD post-SRS freeze,TBD post-SRS freeze,PLANNED — no execution evidence,NOT EXECUTED,Verification target is planned only; no PASS/FAIL claim exists at SRS stage.
NFR-MON-001,Source NFR,Monitoring,,"System performance, AI services and third-party integrations should be continuously monitored.",Client/source NFR; measurable acceptance criterion is project-defined,docs/requirements/non-functional-requirements.md,Cross-cutting runtime NFR,—,N/A — monitoring/telemetry,D-095,docs/srs/development-environment.md; docs/testing/system-testing-plan.md; docs/testing/nfr-validation-profile.txt,Inspect monitoring config; trigger integration failures; verify health/error/provider/correlation records.,Mapped (cross-cutting),TBD post-SRS freeze,TBD post-SRS freeze,PLANNED — no execution evidence,NOT EXECUTED,Verification target is planned only; no PASS/FAIL claim exists at SRS stage.
NFR-DBPERF-001,Source NFR,Database Performance,,"Database operations should support efficient retrieval, storage and updating of business data.",Client/source NFR; measurable acceptance criterion is project-defined,docs/requirements/non-functional-requirements.md,Cross-cutting persistence NFR,—,N/A — DB timing,"D-086, D-096",docs/requirements/erd-logical-detailed.mmd; docs/testing/system-testing-plan.md; docs/testing/nfr-validation-profile.txt,Three runs of agreed key DB operations on 5x dataset; calculate p95 execution time.,Mapped (cross-cutting),TBD post-SRS freeze,TBD post-SRS freeze,PLANNED — no execution evidence,NOT EXECUTED,Verification target is planned only; no PASS/FAIL claim exists at SRS stage.
NFR-CONCUR-001,Source NFR,Concurrent Users,,The system should support multiple customers performing transactions simultaneously.,Client/source NFR; measurable acceptance criterion is project-defined,docs/requirements/non-functional-requirements.md,UC-CART-001/002; UC-ORDER-001; UC-PAY-001; INV-SYS-001,docs/ui/cart-order-delivery.md,Browse / Cart / Checkout,"D-072, D-086, D-096",docs/testing/system-testing-plan.md; docs/testing/nfr-validation-profile.txt,20-user mixed browse/cart/checkout concurrency scenario; inspect error/performance/integrity outcomes.,Mapped,TBD post-SRS freeze,TBD post-SRS freeze,PLANNED — no execution evidence,NOT EXECUTED,Verification target is planned only; no PASS/FAIL claim exists at SRS stage.
NFR-DR-001,Source NFR,Disaster Recovery,,Procedures should be available to restore critical business services following major system failures.,Client/source NFR; measurable acceptance criterion is project-defined,docs/requirements/non-functional-requirements.md,Disaster-recovery control,—,N/A — DR rehearsal,D-090,docs/srs/development-environment.md; docs/testing/system-testing-plan.md; docs/testing/nfr-validation-profile.txt,Execute and time documented DR rehearsal; post-restore smoke/integration checklist.,Mapped,TBD post-SRS freeze,TBD post-SRS freeze,PLANNED — no execution evidence,NOT EXECUTED,Verification target is planned only; no PASS/FAIL claim exists at SRS stage.
